NIS,Nama,Kelas
0518,Afifatul Pajriah,XII MPLB
0519,Aina Damaresta,XII MPLB
0520, Alisma Islamiyah,XII MPLB
0521,Aliya Sari,XII MPLB
0522,Asriyana,XII MPLB
0523,Asri Tamilawati,XII MPLB
0524,Dian Fatmawati,XII MPLB
0527,Nur Mulyani,XII MPLB
0528,Nuril Amalia,XII MPLB
0529,Nurul Hasanah,XII MPLB
0531,Rahma Cinta,XII MPLB
0532,Salsabila Putri Indriyani,XII MPLB
0533,Siti Nuribah,XII MPLB
0534,Siti Rohmawati,XII MPLB
0536,Yulia,XII MPLB
0537,Zifa Damayani,XII MPLB
0538,A Muhaimin,XII TJKT
0539,Abdul Muhyi,XII TJKT
0540,Ahmad Haris Al Haqqi,XII TJKT
0541,Apridho Hernando,XII TJKT
0542,Agus Saputra,XII TJKT
0543,Arief Firmansyah,XII TJKT
0546,Ferdy Syaputra,XII TJKT
0550,Kevin Absoreja,XII TJKT
0551,M Azwar Nusaery,XII TJKT
0552,Malik Mudzofar,XII TJKT
0554,Nivan Sanjaya,XII TJKT
0555,Nuhdin Izwar,XII TJKT
0556,Ridho Al Hafid,XII TJKT
0557,Amelia Rahmayati,XI MPLB
0558,Ayu Santika,XI MPLB
0559,Dewi Hartatik,XI MPLB
0561,Erna Wulan Sari,XI MPLB
0563,Indah Bela Safitri,XI MPLB
0564,Melita Mulyani,XI MPLB
0565,Meri Sundari,XI MPLB
0566,Risa Oktari Yani,XI MPLB
0567,Riyana Sahfitri,XI MPLB
0568,Shinta Puspita,XI MPLB
0569,Sinta Lestari,XI MPLB
0570,Siti Maftuha,XI MPLB
0571,Zahra Athila Vianka,XI MPLB
0584,Safitri Anggraini,XI MPLB
0575,Andika Saputra,XI TJKT
0576,Ahmad Fardan Febrian,XI TJKT
0577,M. Diyan Tri Yanto,XI TJKT
0579,Ferdi Saputra Jaya,XI TJKT
0580,Asep Irawan,XI TJKT
0581,Rendika Maulana,XI TJKT
0582,Muhamad Faisal,XI TJKT
0585,Anggun Frisilia,X MPLB
0586,Aura Kiranti,X MPLB
0587,Chintya Bella,X MPLB
0588,Cinta Okta Viana,X MPLB
0589,Fifie Aulia,X MPLB
0590,Khoirudatul Fitria Julfa,X MPLB
0591,Nova Ramadani,X MPLB
0592,Rahmah,X MPLB
0593,Rania Rama Dita,X MPLB
0594,Rara Amanda,\X MPLB
0595,Rezky Shalsabilla,X MPLB
0596,Sipa Aulia,X MPLB
0597,Siti Nurul Aeni,X MPLB
0598,Aril,X TJKT
0599,Indra Jaya Kusuma,X TJKT
0600,Lamri,X TJKT
0601,M. Alif Ramadhan,X TJKT
0602,M. Muamar Ikhsan,X TJKT
0603,Samsul Bahri,X TJKT
0001,Arpan Agus Salim, S.Kom., M.Pd.,Kepala Sekolah
0002,Elly Ermawati,S.Pd, Guru
0003,Ratih Apriyanti, S.Pd,Guru
0004,Ratna Ferira, S.Pd,Guru
0005,Fitriani, S.Pd.I,Guru
0006,Kusriyanto, S.Kom,Guru
0007,Jatmiko Prakoso, S.Kom,Guru
0008,Jumrah, S.Pd,Guru
0009,Lilik Apriyati, S.Pd,Guru
0010,Susilawati, SH.,S.Pd.,M.Pd,Guru
0011,Mita Dewi Putri, S.Pd,Guru
0012,Apriana, S.Pd,Guru
0013,Widi Harsanti, S.Pd,Guru
0014,Asep Priwinata,Guru
0015,Fitrilia Anggraini, S.Pd,Guru
0016,Desima Putri, S.Kom,Guru
0017,Lia Anggraeni, S.Kom,Guru
0018,Welda Apriyani, S.Pd.I,Guru
0019,Bayu Maftoha, S.Kom.,M.,MT,Guru
0020,Annisa Dwi Novitasari, S.Pd,TU
0021,Dwi Ciptanimgrum, S.Si,TU
0022,Puji Barata,Guru
0023,Ummu Afifa,Guru Bimbel
0024,Dani Oktavianto,Bendahara
